"Peter Ashley Priority Self Park","£45.00"
"Hunters Park and Ride","£52.00"
"SPS Park & Ride Saver","£52.25"
"Toad Park & Ride","£55.00"
"APH Park & Ride","£59.92"
"Toad Meet & Greet","£60.00"
"Secure Park & Ride","£63.25"
"JetParks Ringway - Official Airport Parking","£69.99"
"JetParks 3 - Official Airport Parking","£75.99"
"Official  Airport Meet & Greet - T1","£79.99"
"Official  Airport Meet & Greet - T2","£79.99"
"Official  Airport Meet & Greet - T3","£79.99"
"Official  Airport Long Stay - T2","£89.99"
"Official  Airport Multi Storey - T3","£89.99"
"Official  Airport Meet & Greet Plus - T3","£89.99"
"Official  Airport Meet & Greet Plus - T2","£89.99"
"Official  Airport Meet & Greet Plus - T1","£89.99"
"Official  Airport Multi Storey - T3","£89.99"
"Official  Airport Multi Storey - T2","£89.99"
"Official  Airport Multi-Storey - T1","£105.99"
"Official  Airport Multi-Storey - T1","£105.99"
